<?xml version="1.0" encoding="UTF-8" standalone="yes"?>
<addon id="aero2k7.repo" name="9Lives" version="0.0.1" provider-name="aerosmith2k17">
	<extension point="xbmc.addon.repository" name="9Lives">
		<dir>
			<info compressed="false">https://raw.githubusercontent.com/noobsandnerds/modules4all/master/zips/addons.xml</info>
			<checksum>https://raw.githubusercontent.com/noobsandnerds/modules4all/master/zips/addons.xml.md5</checksum>
			<datadir zip="true">https://raw.githubusercontent.com/noobsandnerds/modules4all/master/zips/</datadir>
		</dir>
		<info compressed="false">https://raw.githubusercontent.com/aerosmith2k17/aero2k7.repo/master/zips/addons.xml</info>
		<checksum>https://raw.githubusercontent.com/aerosmith2k17/aero2k7.repo/master/zips/addons.xml.md5</checksum>
		<datadir zip="true">https://raw.githubusercontent.com/aerosmith2k17/aero2k7.repo/master/zips/</datadir>
	</extension>
	<extension point="xbmc.addon.metadata">
		<summary lang="en">2nd time around greatness</summary>
		<description lang="en">Great Stuff in here</description>
		<genre>movies,music,usa</genre>
	</extension>
</addon>